item,qty,spec,supplier,unit_cost_usd,make_buy,notes
1 Heat alarm complete,24,"Rate-of-rise heat alarm: alarm board with a low-power controller and a sub-GHz radio module (USD 9.00), 10 kOhm NTC thermistor on a 40 mm lead and parts (USD 0.80), piezo sounder at least 95 dB(A) at 1 m (USD 1.20), stock two-part ABS box 100 x 100 x 40 mm (USD 2.50), 3 x AA holder with 3 alkaline AA cells (USD 2.00), 140 x 50 x 3 mm aluminium mounting plate, two M4 screws, printed sensor guard and two UV-stable cable ties (USD 2.00)",Electronics distributor (board parts); local market (box and cells),17.50,buy,One alarm per shelter in a 24-shelter drill block; board design and firmware are TRL 4 work (CBK-DDR-001 D3)
2 Station alarm box with siren and solar panel,1,"IP65 enclosure 300 x 300 x 150 mm holding a receiver board (the alarm board with a relay output), PWM solar charge controller, 12 V 7 Ah sealed lead-acid battery; 12 V siren at least 110 dB(A) at 1 m on a bolted bracket; 10 W 12 V solar panel 350 x 290 mm on two rails on the roof; cable and glands",Electronics distributor; solar and battery shop,105.00,buy,No lithium cells at the station (CBK-DDR-001 D6)
3 Station shade frame and roof,1,"Four posts 60 x 60 x 3 mm square tube 3.2 m long cut to length (back posts 3.0 m, front posts 3.16 m, top cut at 5 degrees), 600 mm in the ground in 300 mm concrete collars (4 bags of concrete); two roof beams 40 x 40 x 2 mm, 2,000 mm; four purlins 40 x 20 x 2 mm, 1,500 mm; corrugated galvanised roof sheet 1,500 x 2,050 mm; S235 steel; about 87 kg of steel",Local steel stockist; building supplies,157.00,make,Four posts in place of a two-post cantilever (CBK-DDR-002 P9); CBK-CAL-001 section F
4 Station sign board,1,"Aluminium sheet 440 x 300 x 3 mm with printed instructions in the camp languages and pictograms, two M8 bolts through the post",Local sign maker,20.00,make,Sign text is set with the co-design partner
5 Water drum 200 L,1,"HDPE drum about 585 mm diameter x 880 mm with lid, food-grade",Local market,35.00,buy,One drum is about 10 minutes of pumping at 20 L/min (CBK-CAL-001)
6 Cart frame welded,1,"30 x 30 x 2 mm square tube (about 7.6 m): two side rails 1,000 mm, three cross members, four bearer pieces, two legs, two handle arms coped to a 33.7 x 2.6 mm cross bar 820 mm; four 80 x 85 x 8 mm axle plates with 21 mm holes; 320 x 355 x 10 mm pump stand plate with two 8 mm gussets; two 50 x 8 mm reel uprights 365 mm with 26 mm holes; S235; about 30 kg; welding consumables; four rubber handle grips",Local steel stockist; camp or market workshop,59.00,make,CBK-DDR-002; mass from the model (CBK-CAL-001 section E)
7 Wheels axle spacers and collars,1,"Two 400 mm puncture-proof wheelbarrow wheels, 100 mm wide, with 20 mm bore ball-bearing hubs 75 mm long; 20 mm bright steel axle 850 mm with R-clip holes; two spacer tubes 32 x 22 mm; two collars with set screws",Hardware store,69.00,buy,Wheels USD 28.00 each
8 Hand pump semi-rotary 25 mm ports,1,"Double-acting semi-rotary (wing) hand pump, cast iron, 25 mm (1 in) suction and delivery ports, at least 0.40 L per double stroke, rated for at least 40 m head; flange with four M12 holes on a 150 mm square; about 14 kg",Pump or agricultural supply shop,120.00,buy,Displacement and port positions to confirm when bought (CBK-DEC-001)
9 Lever extension with T-grip,1,"Clamp hub on the pump handle socket, 33.7 x 2.6 mm tube 585 mm, 27 x 2.3 mm T-bar 400 mm, two rubber grips",Local steel stockist; camp workshop,12.00,make,Grip 610 mm from the pump shaft
10 Hose reel drum spindle and swivel inlet,1,"Steel hose reel drum 200 mm core, two 500 mm flanges 210 mm apart; 25 mm spindle 300 mm; two spacer tubes 40 x 26 mm 12 mm long; collar; 19 mm (3/4 in) swivel inlet with a hose tail",Fire equipment or hardware supplier,95.00,buy,Drum only; no reel certification is claimed
11 Delivery hose 19 mm x 30 m and connecting hose,1,"30 m of 19 mm bore semi-rigid hose, rated at least 10 bar working; 1.2 m of 19 mm reinforced hose from the pump outlet to the reel swivel with two hose clips",Fire equipment supplier,83.00,buy,Hose USD 75.00; connecting hose USD 8.00
12 Nozzle jet and spray with shut-off,1,"Hand nozzle for 19 mm hose, 6 mm jet orifice, jet and spray settings and shut-off",Fire equipment supplier,25.00,buy,Orifice to confirm when bought
13 Suction hose 25 mm x 4 m with foot valve strainer,1,"Wire-reinforced PVC suction hose 25 mm bore, 4 m, quick coupling at one end; foot valve with strainer at the other",Pump or agricultural supply shop,28.00,buy,
14 Quick couplings 25 mm,3,"Cam-lever quick coupling sets, 25 mm: pump inlet coupler with dust cap; suction hose end; tap adaptor end",Pump or agricultural supply shop,9.00,buy,
15 Tap adaptor,1,"Universal push-on tap connector to a 25 mm hose tail with clip",Hardware store,12.00,buy,
16 Hose tray,1,"Galvanised steel sheet 1.5 mm, blank 560 x 530 mm, folded to 400 x 370 x 80 mm with six 12 mm drain holes; four 12 mm holes for the tray bolts",Local sheet metal shop,15.00,make,
17 Fasteners,1,"Four M12 x 40 bolts with nuts and washers (pump); four M8 bolts (tray); two R-clips; two rubber feet 40 x 40 x 25 mm; M8 and U-bolts for the station box, siren bracket, sign and panel rails; stainless where outdoors",Hardware store,30.00,buy,
18 Paint reflective tape and labels,1,"Primer and red enamel for the cart frame; white reflective tape; hazard and pump-instruction labels",Hardware store,25.00,buy,
19 Pressure relief valve 4 bar,1,"19 mm (3/4 in) spring relief valve set at 4 bar, on a tee in the pump outlet, discharge pointing down",Plumbing or pump supplier,18.00,buy,Limits hose and pump pressure when the nozzle is shut (CBK-DDR-001 D7)
